Episode,Reward,Num_steps,Finish,Deviation,Exploration_rate,Distance
1,3.5047589536507573,43,False,2.0,0.9999932812500001,nan
2,17.385442816711404,60,False,-5.0,0.99998375,nan
