Episode,Reward,Num_steps,Finish,Deviation,Exploration_rate,Distance
1,5.820565535845979,46,False,2.0,0.9999928124999999,nan
2,18.97388263959688,61,False,0.0,0.999983125,nan
