Episode,Reward,Steps,Finish,deviation,Exploration_rate,laser,Mean vel,Counter laser
0,-47.56175024678463,102,False,-32.0,1.0,10.61666286335794,0.8942734614079111,0
0,-53.978281276832924,52,False,-42.0,1.0,8.33732886410899,0.5780451284364989,0
