Episode,Reward,Steps,Finish,deviation,Exploration_rate,laser,Mean vel,Counter laser,Truncated
1,-46.05899970896019,84,False,5.0,1.0,3.10880503359048,4.49041748383925,0,False
2,-41.46161975041426,87,False,-4.0,1.0,3.146307237998415,4.135407641508627,0,False
