Episode,Reward,Steps,Finish,deviation,Exploration_rate,laser,Mean vel,Counter laser
0,-26.81173533110735,488,False,-182.0,1.0,3.1528688127015183,1.133627809162672,0
0,-29.173694397343613,329,False,132.0,1.0,11.835554037749983,0.9278037374947764,0
0,-37.41819602323153,382,False,126.0,1.0,13.517537813775967,0.9626601124041134,0
0,-1.312913180118791,804,False,174.0,1.0,3.0842414409311387,1.1350111328888082,0
0,-44.99142088755225,164,False,141.0,1.0,10.993056973227771,1.2913812809991896,0
0,-45.963723365034994,293,False,-179.0,1.0,3.20753518979231,1.5680391308612651,0
0,8.412041283976976,1091,False,-121.0,1.0,3.1489458869450164,0.986360166519311,0
0,-34.668202140043704,330,False,-182.0,1.0,3.127419384342033,1.0850027755531706,0
0,-27.66045934769018,424,False,126.0,1.0,12.799690849523277,0.980978046701578,0
