Episode,Reward,Steps,Finish,deviation,Exploration_rate,laser,Mean vel,Counter laser
0,-36.30879187550188,326,False,118.0,1.0,14.366930293549114,0.9819606837979553,0
0,-51.22121834311351,132,False,-183.0,1.0,3.263681157465538,1.550738980120272,0
0,-39.155932562124235,240,False,135.0,1.0,12.322363502789115,1.03215236827037,0
0,-32.08438373859286,321,False,135.0,1.0,12.59342888420075,0.6977092869747973,0
0,-30.934631887862494,334,False,134.0,1.0,11.71998224494833,0.9012495509164155,0
