Episode,Reward,Steps,Finish,deviation,Exploration_rate,laser,Mean vel,Counter laser
0,-37.2672179705409,217,False,71.0,1.0,15.307406847664337,1.0116982861216264,0
0,-54.955618609341656,56,False,-42.0,1.0,8.478111500005612,0.6831717300757256,0
