Episode,Reward,Num_steps,Finish,Deviation,Exploration_rate
1,56972.11000003566,745327,False,167.0,-1.0
2,1101206.040004602,4078631,False,144.0,-1.0
3,929948.3900084244,1336175,False,-95.0,-1.0
4,295535.2999994188,456887,False,-86.0,-1.0
5,565483.1300000654,1213256,False,-17.0,-1.0
6,22622.60000001159,28867,False,27.0,-1.0
7,21134.419999998463,45753,False,-106.0,-1.0
