Episode,Reward,Steps,Finish,deviation,Exploration_rate,laser,Mean vel
1,1323,1323,False,-175.0,-1.0,19.5,0.6161310813148485
2,714,714,False,-130.0,-1.0,19.5,0.6118194207660969
3,2137,2137,False,-127.0,-1.0,19.5,0.7659640305977881
4,1694,1694,False,126.0,-1.0,19.5,0.6727553754446625
5,858,858,False,-136.0,-1.0,19.5,0.5370988121248185
6,555,555,False,-138.0,-1.0,19.5,0.6282300458404239
