Episode,Reward,Steps,Finish,deviation,Exploration_rate,laser,Mean vel
1,214,214,False,150.0,-1.0,10.376566895577518,1.0029688872414353
2,352,352,False,146.0,-1.0,10.46121369805977,0.9211709486682428
3,274,274,False,153.0,-1.0,9.52100018419324,0.767284577845402
