Episode,Reward,Steps,Finish,deviation,Exploration_rate,laser,Mean vel,Counter laser,Truncated
1,203.54774526825943,591,False,126.0,0.9999078125,19.5,0.9209163391744196,0.0,False
2,200.5907822112053,606,False,122.0,0.999813125,19.5,0.9957547385972485,0.0,False
